{
  "LogisticRegression": {
    "precision": 0.9861111111111112,
    "recall": 0.9861111111111112,
    "f1": 0.9861111111111112,
    "roc_auc": 0.9953703703703703,
    "report": "              precision    recall  f1-score   support\n\n           0       0.98      0.98      0.98        42\n           1       0.99      0.99      0.99        72\n\n    accuracy                           0.98       114\n   macro avg       0.98      0.98      0.98       114\nweighted avg       0.98      0.98      0.98       114\n"
  },
  "SVC": {
    "precision": 0.9861111111111112,
    "recall": 0.9861111111111112,
    "f1": 0.9861111111111112,
    "roc_auc": 0.9950396825396826,
    "report": "              precision    recall  f1-score   support\n\n           0       0.98      0.98      0.98        42\n           1       0.99      0.99      0.99        72\n\n    accuracy                           0.98       114\n   macro avg       0.98      0.98      0.98       114\nweighted avg       0.98      0.98      0.98       114\n"
  },
  "RandomForest": {
    "precision": 0.9583333333333334,
    "recall": 0.9583333333333334,
    "f1": 0.9583333333333334,
    "roc_auc": 0.9937169312169313,
    "report": "              precision    recall  f1-score   support\n\n           0       0.93      0.93      0.93        42\n           1       0.96      0.96      0.96        72\n\n    accuracy                           0.95       114\n   macro avg       0.94      0.94      0.94       114\nweighted avg       0.95      0.95      0.95       114\n"
  },
  "GradientBoosting": {
    "precision": 0.9466666666666667,
    "recall": 0.9861111111111112,
    "f1": 0.9659863945578231,
    "roc_auc": 0.9907407407407407,
    "report": "              precision    recall  f1-score   support\n\n           0       0.97      0.90      0.94        42\n           1       0.95      0.99      0.97        72\n\n    accuracy                           0.96       114\n   macro avg       0.96      0.95      0.95       114\nweighted avg       0.96      0.96      0.96       114\n"
  }
}